tool,suite,subject,gc,arm,status,monitors,events,traces
valg,oss,Antibrumm-jackson-antpathfilter,serial,stock,PASS,436716,52453675,
valg,oss,Antibrumm-jackson-antpathfilter,serial,native,PASS,440671,52435547,
valg,oss,Antibrumm-jackson-antpathfilter,parallel,stock,PASS,445378,52477504,
valg,oss,Antibrumm-jackson-antpathfilter,parallel,native,PASS,439412,52440063,
valg,oss,Antibrumm-jackson-antpathfilter,g1,stock,PASS,444852,52475417,
valg,oss,Antibrumm-jackson-antpathfilter,g1,native,PASS,439914,52425047,
valg,oss,ElectronicChartCentre-java-vector-tile,serial,stock,PASS,3368893,597844080,
valg,oss,ElectronicChartCentre-java-vector-tile,serial,native,PASS,2395615,565824150,
valg,oss,ElectronicChartCentre-java-vector-tile,parallel,stock,PASS,3378942,599107619,
valg,oss,ElectronicChartCentre-java-vector-tile,parallel,native,PASS,3408658,604164421,
valg,oss,ElectronicChartCentre-java-vector-tile,g1,stock,PASS,1425070,587137005,
valg,oss,ElectronicChartCentre-java-vector-tile,g1,native,PASS,1475895,586732294,
valg,oss,MezereonXP-AnomalyDetectTool,serial,stock,PASS,38293,213257647,
valg,oss,MezereonXP-AnomalyDetectTool,serial,native,PASS,38699,213264595,
valg,oss,MezereonXP-AnomalyDetectTool,parallel,stock,PASS,38176,213226902,
valg,oss,MezereonXP-AnomalyDetectTool,parallel,native,PASS,38416,213217733,
valg,oss,MezereonXP-AnomalyDetectTool,g1,stock,PASS,38446,213229956,
valg,oss,MezereonXP-AnomalyDetectTool,g1,native,PASS,38312,213176377,
valg,oss,PeterisP-morphology,serial,stock,PASS,2781678,2397838662,
valg,oss,PeterisP-morphology,serial,native,PASS,2772466,2398506494,
valg,oss,PeterisP-morphology,parallel,stock,PASS,2781169,2398318828,
valg,oss,PeterisP-morphology,parallel,native,PASS,2770838,2398329675,
valg,oss,PeterisP-morphology,g1,stock,PASS,2772629,2398926325,
valg,oss,PeterisP-morphology,g1,native,PASS,2764919,2398231819,
valg,oss,StarlangSoftware-TurkishPropBank,serial,stock,PASS,170393,55514578,
valg,oss,StarlangSoftware-TurkishPropBank,serial,native,PASS,170761,55514372,
valg,oss,StarlangSoftware-TurkishPropBank,parallel,stock,PASS,170892,55515425,
valg,oss,StarlangSoftware-TurkishPropBank,parallel,native,PASS,170568,55513662,
valg,oss,StarlangSoftware-TurkishPropBank,g1,stock,PASS,171047,55516164,
valg,oss,StarlangSoftware-TurkishPropBank,g1,native,PASS,170916,55514413,
valg,oss,StarlangSoftware-TurkishSentiNet,serial,stock,PASS,20140,68889038,
valg,oss,StarlangSoftware-TurkishSentiNet,serial,native,PASS,20142,69119514,
valg,oss,StarlangSoftware-TurkishSentiNet,parallel,stock,PASS,20141,69119509,
valg,oss,StarlangSoftware-TurkishSentiNet,parallel,native,PASS,20141,69042690,
valg,oss,StarlangSoftware-TurkishSentiNet,g1,stock,PASS,20142,68889043,
valg,oss,StarlangSoftware-TurkishSentiNet,g1,native,PASS,20141,69119509,
valg,oss,StarlangSoftware-TurkishWordNet,serial,stock,PASS,2274702,1499274887,
valg,oss,StarlangSoftware-TurkishWordNet,serial,native,PASS,2301324,1500030429,
valg,oss,StarlangSoftware-TurkishWordNet,parallel,stock,PASS,2274199,1500212507,
valg,oss,StarlangSoftware-TurkishWordNet,parallel,native,PASS,2277362,1499822964,
valg,oss,StarlangSoftware-TurkishWordNet,g1,stock,PASS,2274229,1499273918,
valg,oss,StarlangSoftware-TurkishWordNet,g1,native,PASS,2274147,1499977535,
valg,oss,Sweetiee-yi-Jaba,serial,stock,PASS,2759266,109117303,
valg,oss,Sweetiee-yi-Jaba,serial,native,PASS,3311508,111263945,
valg,oss,Sweetiee-yi-Jaba,parallel,stock,PASS,2818025,109338368,
valg,oss,Sweetiee-yi-Jaba,parallel,native,PASS,2839341,109421378,
valg,oss,Sweetiee-yi-Jaba,g1,stock,PASS,2840374,109414074,
valg,oss,Sweetiee-yi-Jaba,g1,native,PASS,2818754,111198810,
valg,oss,addthis-stream-lib,serial,stock,PASS,682854,2146292800,
valg,oss,addthis-stream-lib,serial,native,PASS,692076,2142358916,
valg,oss,addthis-stream-lib,parallel,stock,PASS,692921,2144582144,
valg,oss,addthis-stream-lib,parallel,native,FAIL,878494,2150501827,
valg,oss,addthis-stream-lib,g1,stock,PASS,674974,2148878432,
valg,oss,addthis-stream-lib,g1,native,PASS,692321,2154729329,
valg,oss,agarciadom-xeger,serial,stock,PASS,944206,62535137,
valg,oss,agarciadom-xeger,serial,native,PASS,943317,62878431,
valg,oss,agarciadom-xeger,parallel,stock,PASS,678319,62398419,
valg,oss,agarciadom-xeger,parallel,native,PASS,677223,62411020,
valg,oss,agarciadom-xeger,g1,stock,PASS,665812,62180917,
valg,oss,agarciadom-xeger,g1,native,PASS,678548,62401535,
valg,oss,albfernandez-javadbf,serial,stock,PASS,999,823325,
valg,oss,albfernandez-javadbf,serial,native,PASS,934,821999,
valg,oss,albfernandez-javadbf,parallel,stock,PASS,1014,823146,
valg,oss,albfernandez-javadbf,parallel,native,PASS,956,821524,
valg,oss,albfernandez-javadbf,g1,stock,PASS,992,816345,
valg,oss,albfernandez-javadbf,g1,native,PASS,963,821629,
valg,oss,almondtools-stringsearchalgorithms,serial,stock,PASS,282706,522234002,
valg,oss,almondtools-stringsearchalgorithms,serial,native,PASS,291408,524566858,
valg,oss,almondtools-stringsearchalgorithms,parallel,stock,PASS,292414,523370223,
valg,oss,almondtools-stringsearchalgorithms,parallel,native,PASS,317931,525972197,
valg,oss,almondtools-stringsearchalgorithms,g1,stock,PASS,295582,525499154,
valg,oss,almondtools-stringsearchalgorithms,g1,native,PASS,287518,525300285,
valg,oss,almson-almson-refcount,serial,stock,PASS,6206,25000447,
valg,oss,almson-almson-refcount,serial,native,PASS,6452,25000433,
valg,oss,almson-almson-refcount,parallel,stock,PASS,6749,25000448,
valg,oss,almson-almson-refcount,parallel,native,PASS,6271,25000451,
valg,oss,almson-almson-refcount,g1,stock,PASS,6184,25000440,
valg,oss,almson-almson-refcount,g1,native,PASS,6260,25000447,
valg,oss,apache-commons-imaging,serial,stock,PASS,1017911,612500037,
valg,oss,apache-commons-imaging,serial,native,PASS,1016163,612912593,
valg,oss,apache-commons-imaging,parallel,stock,PASS,1260252,614470612,
valg,oss,apache-commons-imaging,parallel,native,PASS,1022716,607585318,
valg,oss,apache-commons-imaging,g1,stock,PASS,1016065,605801346,
valg,oss,apache-commons-imaging,g1,native,PASS,1239933,613558968,
valg,oss,attoparser-attoparser,serial,stock,PASS,12776670,817832384,
valg,oss,attoparser-attoparser,serial,native,PASS,12776771,817840018,
valg,oss,attoparser-attoparser,parallel,stock,PASS,12775993,817819247,
valg,oss,attoparser-attoparser,parallel,native,PASS,12775595,817852134,
valg,oss,attoparser-attoparser,g1,stock,PASS,12779443,817878001,
valg,oss,attoparser-attoparser,g1,native,PASS,12776499,817817110,
valg,oss,awslabs-route53-infima,serial,stock,PASS,857816,47364657,
valg,oss,awslabs-route53-infima,serial,native,PASS,981579,47349524,
valg,oss,awslabs-route53-infima,parallel,stock,PASS,981177,47352307,
valg,oss,awslabs-route53-infima,parallel,native,PASS,981618,47351338,
valg,oss,awslabs-route53-infima,g1,stock,PASS,734479,47352104,
valg,oss,awslabs-route53-infima,g1,native,PASS,980636,47332424,
valg,oss,bkatwal-kafka-util,serial,stock,PASS,58041,2062070,
valg,oss,bkatwal-kafka-util,serial,native,PASS,55050,2015701,
valg,oss,bkatwal-kafka-util,parallel,stock,PASS,60149,2212713,
valg,oss,bkatwal-kafka-util,parallel,native,PASS,61222,2287955,
valg,oss,bkatwal-kafka-util,g1,stock,PASS,55927,2009380,
valg,oss,bkatwal-kafka-util,g1,native,PASS,58349,2128837,
valg,oss,chocoteam-choco-graph,serial,stock,PASS,719182,894765368,
valg,oss,chocoteam-choco-graph,serial,native,PASS,720430,919524035,
valg,oss,chocoteam-choco-graph,parallel,stock,PASS,720612,870856195,
valg,oss,chocoteam-choco-graph,parallel,native,PASS,719155,896123014,
valg,oss,chocoteam-choco-graph,g1,stock,PASS,720638,904939443,
valg,oss,chocoteam-choco-graph,g1,native,PASS,720842,900982289,
valg,oss,cocolian-cocolian-nlp,serial,stock,PASS,1148109,248723431,
valg,oss,cocolian-cocolian-nlp,serial,native,PASS,1216604,249358464,
valg,oss,cocolian-cocolian-nlp,parallel,stock,PASS,1169765,249570384,
valg,oss,cocolian-cocolian-nlp,parallel,native,PASS,1323746,249794484,
valg,oss,cocolian-cocolian-nlp,g1,stock,PASS,1342677,254076019,
valg,oss,cocolian-cocolian-nlp,g1,native,PASS,1297400,249350717,
valg,oss,codelion-gramtest,serial,stock,PASS,896809,339720099,
valg,oss,codelion-gramtest,serial,native,PASS,896416,339883294,
valg,oss,codelion-gramtest,parallel,stock,PASS,896970,340132475,
valg,oss,codelion-gramtest,parallel,native,PASS,895911,339905132,
valg,oss,codelion-gramtest,g1,stock,PASS,894399,339679661,
valg,oss,codelion-gramtest,g1,native,PASS,896335,339982579,
valg,oss,confluentinc-kafka-connect-datagen,serial,stock,PASS,590756,88115005,
valg,oss,confluentinc-kafka-connect-datagen,serial,native,PASS,590979,87954190,
valg,oss,confluentinc-kafka-connect-datagen,parallel,stock,PASS,597469,88298456,
valg,oss,confluentinc-kafka-connect-datagen,parallel,native,PASS,592934,88222108,
valg,oss,confluentinc-kafka-connect-datagen,g1,stock,PASS,590553,87955518,
valg,oss,confluentinc-kafka-connect-datagen,g1,native,PASS,591808,88058836,
valg,oss,conveyal-osm-lib,serial,stock,PASS,741393,234878710,
valg,oss,conveyal-osm-lib,serial,native,PASS,751016,234469183,
valg,oss,conveyal-osm-lib,parallel,stock,PASS,740507,236060395,
valg,oss,conveyal-osm-lib,parallel,native,PASS,739053,235707899,
valg,oss,conveyal-osm-lib,g1,stock,PASS,656796,234129190,
valg,oss,conveyal-osm-lib,g1,native,PASS,746258,236119531,
valg,oss,cowtowncoder-java-uuid-generator,serial,stock,PASS,63544,41499825,
valg,oss,cowtowncoder-java-uuid-generator,serial,native,PASS,63211,41496965,
valg,oss,cowtowncoder-java-uuid-generator,parallel,stock,PASS,63016,41495683,
valg,oss,cowtowncoder-java-uuid-generator,parallel,native,PASS,62848,41494671,
valg,oss,cowtowncoder-java-uuid-generator,g1,stock,PASS,62987,41495165,
valg,oss,cowtowncoder-java-uuid-generator,g1,native,PASS,62708,41493019,
valg,oss,danieldk-dictomaton,serial,stock,PASS,5520241,458053282,
valg,oss,danieldk-dictomaton,serial,native,PASS,5530177,458121368,
valg,oss,danieldk-dictomaton,parallel,stock,PASS,5542211,458057961,
valg,oss,danieldk-dictomaton,parallel,native,PASS,5521699,457968340,
valg,oss,danieldk-dictomaton,g1,stock,PASS,5529552,458006142,
valg,oss,danieldk-dictomaton,g1,native,PASS,5530038,457950720,
valg,oss,davidmoten-bplustree,serial,stock,PASS,170164,103227616,
valg,oss,davidmoten-bplustree,serial,native,PASS,170131,103269682,
valg,oss,davidmoten-bplustree,parallel,stock,PASS,170108,103252674,
valg,oss,davidmoten-bplustree,parallel,native,PASS,170341,103260885,
valg,oss,davidmoten-bplustree,g1,stock,PASS,170317,103269255,
valg,oss,davidmoten-bplustree,g1,native,PASS,170241,103292110,
valg,oss,davidmoten-rtree,serial,stock,PASS,1582588,333253028,
valg,oss,davidmoten-rtree,serial,native,PASS,1590072,333720335,
valg,oss,davidmoten-rtree,parallel,stock,PASS,1590077,333396852,
valg,oss,davidmoten-rtree,parallel,native,PASS,1636922,334676997,
valg,oss,davidmoten-rtree,g1,stock,PASS,1665070,333799747,
valg,oss,davidmoten-rtree,g1,native,PASS,1597794,333598731,
valg,oss,davidmoten-rtree-multi,serial,stock,PASS,772734,221719000,
valg,oss,davidmoten-rtree-multi,serial,native,PASS,762092,222206961,
valg,oss,davidmoten-rtree-multi,parallel,stock,PASS,776691,223880647,
valg,oss,davidmoten-rtree-multi,parallel,native,PASS,741270,222287610,
valg,oss,davidmoten-rtree-multi,g1,stock,PASS,778847,222040863,
valg,oss,davidmoten-rtree-multi,g1,native,PASS,767968,221921606,
valg,oss,davidmoten-rtree2,serial,stock,PASS,598832,139231668,
valg,oss,davidmoten-rtree2,serial,native,PASS,598203,139500130,
valg,oss,davidmoten-rtree2,parallel,stock,PASS,590817,138345917,
valg,oss,davidmoten-rtree2,parallel,native,PASS,588769,138025586,
valg,oss,davidmoten-rtree2,g1,stock,PASS,595173,138591831,
valg,oss,davidmoten-rtree2,g1,native,PASS,594907,138865804,
valg,oss,eightbitjim-cassette-nibbler,serial,stock,PASS,266409,487582599,
valg,oss,eightbitjim-cassette-nibbler,serial,native,PASS,266048,487606655,
valg,oss,eightbitjim-cassette-nibbler,parallel,stock,PASS,266772,487568187,
valg,oss,eightbitjim-cassette-nibbler,parallel,native,PASS,266411,487589390,
valg,oss,eightbitjim-cassette-nibbler,g1,stock,PASS,266673,487551337,
valg,oss,eightbitjim-cassette-nibbler,g1,native,PASS,266174,487601343,
valg,oss,f4b6a3-uuid-creator,serial,stock,PASS,92698,3258026,
valg,oss,f4b6a3-uuid-creator,serial,native,PASS,92783,3260462,
valg,oss,f4b6a3-uuid-creator,parallel,stock,PASS,93187,3261331,
valg,oss,f4b6a3-uuid-creator,parallel,native,PASS,93044,3259001,
valg,oss,f4b6a3-uuid-creator,g1,stock,PASS,92237,3257284,
valg,oss,f4b6a3-uuid-creator,g1,native,PASS,92667,3258183,
valg,oss,flipkart-incubator-databuilderframework,serial,stock,PASS,2760528,208711520,
valg,oss,flipkart-incubator-databuilderframework,serial,native,PASS,2583924,207541001,
valg,oss,flipkart-incubator-databuilderframework,parallel,stock,PASS,2815620,208954274,
valg,oss,flipkart-incubator-databuilderframework,parallel,native,PASS,2761348,208894701,
valg,oss,flipkart-incubator-databuilderframework,g1,stock,PASS,2796165,208965416,
valg,oss,flipkart-incubator-databuilderframework,g1,native,PASS,2803260,208963378,
valg,oss,fraunhoferfokus-Fuzzino,serial,stock,PASS,117203,4625428136,
valg,oss,fraunhoferfokus-Fuzzino,serial,native,PASS,117648,4625455706,
valg,oss,fraunhoferfokus-Fuzzino,parallel,stock,PASS,117358,4625439376,
valg,oss,fraunhoferfokus-Fuzzino,parallel,native,PASS,118475,4625436269,
valg,oss,fraunhoferfokus-Fuzzino,g1,stock,PASS,117662,4625447752,
valg,oss,fraunhoferfokus-Fuzzino,g1,native,PASS,117692,4625448416,
valg,oss,fusion-jena-JaroWinklerSimilarity,serial,stock,PASS,4135318,947044504,
valg,oss,fusion-jena-JaroWinklerSimilarity,serial,native,PASS,20897186,948054108,
valg,oss,fusion-jena-JaroWinklerSimilarity,parallel,stock,PASS,20797053,947092974,
valg,oss,fusion-jena-JaroWinklerSimilarity,parallel,native,PASS,20778797,946825531,
valg,oss,fusion-jena-JaroWinklerSimilarity,g1,stock,PASS,20797840,946980947,
valg,oss,fusion-jena-JaroWinklerSimilarity,g1,native,PASS,20816913,947135850,
valg,oss,gchq-synthetic-data-generator,serial,stock,PASS,727757,84541021,
valg,oss,gchq-synthetic-data-generator,serial,native,PASS,725497,85128109,
valg,oss,gchq-synthetic-data-generator,parallel,stock,PASS,1384790,87474173,
valg,oss,gchq-synthetic-data-generator,parallel,native,PASS,722314,84719567,
valg,oss,gchq-synthetic-data-generator,g1,stock,PASS,729654,87076571,
valg,oss,gchq-synthetic-data-generator,g1,native,PASS,384559,84695234,
valg,oss,getodk-javarosa,serial,stock,PASS,888249,212643155,
valg,oss,getodk-javarosa,serial,native,PASS,889527,212736421,
valg,oss,getodk-javarosa,parallel,stock,PASS,725703,212720512,
valg,oss,getodk-javarosa,parallel,native,PASS,724961,207579384,
valg,oss,getodk-javarosa,g1,stock,PASS,563647,191508436,
valg,oss,getodk-javarosa,g1,native,PASS,892185,212786544,
valg,oss,ghaffarian-progex,serial,stock,PASS,1145694,138343269,
valg,oss,ghaffarian-progex,serial,native,PASS,1248930,138421332,
valg,oss,ghaffarian-progex,parallel,stock,PASS,1141205,138411731,
valg,oss,ghaffarian-progex,parallel,native,PASS,1154167,139130871,
valg,oss,ghaffarian-progex,g1,stock,PASS,1160124,138590432,
valg,oss,ghaffarian-progex,g1,native,PASS,1259646,138928855,
valg,oss,googleapis-java-spanner-jdbc,serial,stock,PASS,1471447,58334117,
valg,oss,googleapis-java-spanner-jdbc,serial,native,PASS,1484130,57236814,
valg,oss,googleapis-java-spanner-jdbc,parallel,stock,PASS,1507366,57579794,
valg,oss,googleapis-java-spanner-jdbc,parallel,native,PASS,1493529,57492585,
valg,oss,googleapis-java-spanner-jdbc,g1,stock,PASS,1511556,58329390,
valg,oss,googleapis-java-spanner-jdbc,g1,native,PASS,1470562,57395907,
valg,oss,graphstream-gs-algo,serial,stock,PASS,129284,27183475,
valg,oss,graphstream-gs-algo,serial,native,PASS,128927,27213114,
valg,oss,graphstream-gs-algo,parallel,stock,PASS,129302,27187989,
valg,oss,graphstream-gs-algo,parallel,native,PASS,129404,27178885,
valg,oss,graphstream-gs-algo,g1,stock,PASS,128105,27176320,
valg,oss,graphstream-gs-algo,g1,native,PASS,128372,27179326,
valg,oss,graphstream-gs-core,serial,stock,PASS,59928,45953838,
valg,oss,graphstream-gs-core,serial,native,PASS,59794,45555448,
valg,oss,graphstream-gs-core,parallel,stock,PASS,59555,45451817,
valg,oss,graphstream-gs-core,parallel,native,PASS,59566,45817285,
valg,oss,graphstream-gs-core,g1,stock,PASS,59670,45541257,
valg,oss,graphstream-gs-core,g1,native,PASS,59735,45277237,
valg,oss,hlavki-jlemmagen,serial,stock,PASS,76759,4610259,
valg,oss,hlavki-jlemmagen,serial,native,PASS,76577,4608593,
valg,oss,hlavki-jlemmagen,parallel,stock,PASS,76903,4610745,
valg,oss,hlavki-jlemmagen,parallel,native,PASS,76746,4609850,
valg,oss,hlavki-jlemmagen,g1,stock,PASS,77004,4610474,
valg,oss,hlavki-jlemmagen,g1,native,PASS,76727,4538322,
valg,oss,houbb-sensitive-word,serial,stock,PASS,394032,239357799,
valg,oss,houbb-sensitive-word,serial,native,PASS,392697,242298911,
valg,oss,houbb-sensitive-word,parallel,stock,PASS,387746,235444769,
valg,oss,houbb-sensitive-word,parallel,native,PASS,391708,242031115,
valg,oss,houbb-sensitive-word,g1,stock,PASS,390413,240612205,
valg,oss,houbb-sensitive-word,g1,native,PASS,391987,238396343,
valg,oss,huaban-jieba-analysis,serial,stock,PASS,748196,171574069,
valg,oss,huaban-jieba-analysis,serial,native,PASS,788000,172085043,
valg,oss,huaban-jieba-analysis,parallel,stock,PASS,1018527,178792602,
valg,oss,huaban-jieba-analysis,parallel,native,PASS,1113741,180055487,
valg,oss,huaban-jieba-analysis,g1,stock,PASS,881142,173470436,
valg,oss,huaban-jieba-analysis,g1,native,PASS,620710,171896906,
valg,oss,indeedeng-vowpal-wabbit-java,serial,stock,PASS,700560,764624845,
valg,oss,indeedeng-vowpal-wabbit-java,serial,native,PASS,710550,761793172,
valg,oss,indeedeng-vowpal-wabbit-java,parallel,stock,PASS,760544,770899191,
valg,oss,indeedeng-vowpal-wabbit-java,parallel,native,PASS,730595,764538433,
valg,oss,indeedeng-vowpal-wabbit-java,g1,stock,PASS,720539,772707804,
valg,oss,indeedeng-vowpal-wabbit-java,g1,native,PASS,710563,763698962,
valg,oss,iquadrat-sbb-train-scheduler,serial,stock,PASS,2450804,166970398,
valg,oss,iquadrat-sbb-train-scheduler,serial,native,PASS,2452104,165631552,
valg,oss,iquadrat-sbb-train-scheduler,parallel,stock,PASS,2451328,166979593,
valg,oss,iquadrat-sbb-train-scheduler,parallel,native,PASS,2326207,158529682,
valg,oss,iquadrat-sbb-train-scheduler,g1,stock,PASS,2320742,159746732,
valg,oss,iquadrat-sbb-train-scheduler,g1,native,PASS,2452209,166978586,
valg,oss,jahlborn-jackcess,serial,stock,PASS,951836,343689538,
valg,oss,jahlborn-jackcess,serial,native,PASS,1023982,347358681,
valg,oss,jahlborn-jackcess,parallel,stock,PASS,924882,340670135,
valg,oss,jahlborn-jackcess,parallel,native,PASS,938882,344735336,
valg,oss,jahlborn-jackcess,g1,stock,PASS,951105,344239551,
valg,oss,jahlborn-jackcess,g1,native,PASS,970994,346950716,
valg,oss,kapoorlabs-kiara,serial,stock,PASS,422841,2757480429,
valg,oss,kapoorlabs-kiara,serial,native,PASS,423824,2758164828,
valg,oss,kapoorlabs-kiara,parallel,stock,PASS,423445,2758853549,
valg,oss,kapoorlabs-kiara,parallel,native,PASS,422669,2757318284,
valg,oss,kapoorlabs-kiara,g1,stock,PASS,423845,2757003034,
valg,oss,kapoorlabs-kiara,g1,native,PASS,423177,2758650782,
valg,oss,lexburner-consistent-hash-algorithm,serial,stock,PASS,25219,140317577,
valg,oss,lexburner-consistent-hash-algorithm,serial,native,PASS,25182,140317884,
valg,oss,lexburner-consistent-hash-algorithm,parallel,stock,PASS,25039,140284273,
valg,oss,lexburner-consistent-hash-algorithm,parallel,native,PASS,25155,140306310,
valg,oss,lexburner-consistent-hash-algorithm,g1,stock,PASS,25382,140326737,
valg,oss,lexburner-consistent-hash-algorithm,g1,native,PASS,25245,140333410,
valg,oss,lukfor-pgs-calc,serial,stock,PASS,938875,513348276,
valg,oss,lukfor-pgs-calc,serial,native,FAIL,763496,340781713,
valg,oss,lukfor-pgs-calc,parallel,stock,FAIL,2931787,521737576,
valg,oss,lukfor-pgs-calc,parallel,native,FAIL,845522,383727919,
valg,oss,lukfor-pgs-calc,g1,stock,PASS,2873087,522621585,
valg,oss,lukfor-pgs-calc,g1,native,PASS,2918202,520923544,
valg,oss,mastodon-sc-mastodon,serial,stock,PASS,218715,49531955,
valg,oss,mastodon-sc-mastodon,serial,native,PASS,218738,49433000,
valg,oss,mastodon-sc-mastodon,parallel,stock,PASS,220399,49558458,
valg,oss,mastodon-sc-mastodon,parallel,native,PASS,267996,51133587,
valg,oss,mastodon-sc-mastodon,g1,stock,TIMEOUT,267113,51099416,
valg,oss,mastodon-sc-mastodon,g1,native,PASS,218467,49433728,
valg,oss,mocnik-science-geogrid,serial,stock,PASS,201216,155499644,
valg,oss,mocnik-science-geogrid,serial,native,PASS,200257,155476311,
valg,oss,mocnik-science-geogrid,parallel,stock,PASS,200851,155502803,
valg,oss,mocnik-science-geogrid,parallel,native,PASS,200950,155491734,
valg,oss,mocnik-science-geogrid,g1,stock,PASS,200782,155500346,
valg,oss,mocnik-science-geogrid,g1,native,PASS,201130,155480856,
valg,oss,myui-btree4j,serial,stock,PASS,59336,275541734,
valg,oss,myui-btree4j,serial,native,PASS,59458,275611744,
valg,oss,myui-btree4j,parallel,stock,PASS,59029,275462874,
valg,oss,myui-btree4j,parallel,native,PASS,59471,275486672,
valg,oss,myui-btree4j,g1,stock,PASS,59312,275591330,
valg,oss,myui-btree4j,g1,native,PASS,59011,275523729,
valg,oss,palatable-lambda,serial,stock,PASS,298223,1400516995,
valg,oss,palatable-lambda,serial,native,PASS,309814,1403498176,
valg,oss,palatable-lambda,parallel,stock,PASS,261229,1398211358,
valg,oss,palatable-lambda,parallel,native,PASS,295533,1404308162,
valg,oss,palatable-lambda,g1,stock,PASS,282569,1399678324,
valg,oss,palatable-lambda,g1,native,PASS,305215,1667488170,
valg,oss,palindromicity-simple-syslog,serial,stock,PASS,171956,43942198,
valg,oss,palindromicity-simple-syslog,serial,native,PASS,162401,43831414,
valg,oss,palindromicity-simple-syslog,parallel,stock,PASS,162005,43775877,
valg,oss,palindromicity-simple-syslog,parallel,native,PASS,172106,43945710,
valg,oss,palindromicity-simple-syslog,g1,stock,PASS,161851,43794904,
valg,oss,palindromicity-simple-syslog,g1,native,PASS,161817,43814303,
valg,oss,renfei-ik-analyzer,serial,stock,PASS,856294,222758134,
valg,oss,renfei-ik-analyzer,serial,native,PASS,856478,222757829,
valg,oss,renfei-ik-analyzer,parallel,stock,PASS,856703,222762330,
valg,oss,renfei-ik-analyzer,parallel,native,PASS,856418,222756649,
valg,oss,renfei-ik-analyzer,g1,stock,PASS,856310,222750269,
valg,oss,renfei-ik-analyzer,g1,native,PASS,856710,222761640,
valg,oss,sbesada-java.math.expression.parser,serial,stock,PASS,160682,328644474,
valg,oss,sbesada-java.math.expression.parser,serial,native,PASS,160711,328644402,
valg,oss,sbesada-java.math.expression.parser,parallel,stock,PASS,160669,328644505,
valg,oss,sbesada-java.math.expression.parser,parallel,native,PASS,160733,328644388,
valg,oss,sbesada-java.math.expression.parser,g1,stock,PASS,160731,328644565,
valg,oss,sbesada-java.math.expression.parser,g1,native,PASS,160738,328644537,
valg,oss,simplenlg-simplenlg,serial,stock,PASS,307374,116409389,
valg,oss,simplenlg-simplenlg,serial,native,PASS,307446,116408549,
valg,oss,simplenlg-simplenlg,parallel,stock,PASS,307245,116407303,
valg,oss,simplenlg-simplenlg,parallel,native,PASS,309205,116453227,
valg,oss,simplenlg-simplenlg,g1,stock,PASS,320325,116407188,
valg,oss,simplenlg-simplenlg,g1,native,PASS,309114,116453490,
valg,oss,solita-functional-utils,serial,stock,PASS,2604,24869692,
valg,oss,solita-functional-utils,serial,native,PASS,2612,25354519,
valg,oss,solita-functional-utils,parallel,stock,PASS,2666,24493958,
valg,oss,solita-functional-utils,parallel,native,PASS,2674,24968675,
valg,oss,solita-functional-utils,g1,stock,PASS,2943,24210220,
valg,oss,solita-functional-utils,g1,native,PASS,2904,24925853,
valg,oss,xspec-xspec-maven-plugin-1,serial,stock,PASS,1552623,289895527,
valg,oss,xspec-xspec-maven-plugin-1,serial,native,PASS,1551670,289879549,
valg,oss,xspec-xspec-maven-plugin-1,parallel,stock,PASS,1551873,289831398,
valg,oss,xspec-xspec-maven-plugin-1,parallel,native,PASS,1550973,289892258,
valg,oss,xspec-xspec-maven-plugin-1,g1,stock,PASS,1598658,289974852,
valg,oss,xspec-xspec-maven-plugin-1,g1,native,PASS,1548637,289869492,
valg,oss,ysc-word,serial,stock,PASS,133958,7344730096,
valg,oss,ysc-word,serial,native,PASS,133901,7344755871,
valg,oss,ysc-word,parallel,stock,PASS,133923,7344722048,
valg,oss,ysc-word,parallel,native,PASS,134558,7344757727,
valg,oss,ysc-word,g1,stock,PASS,134184,7344758868,
valg,oss,ysc-word,g1,native,PASS,133242,7344751039,
valg,oss,zhoujianling-PointCloudUtilities,serial,stock,PASS,125556,420391973,
valg,oss,zhoujianling-PointCloudUtilities,serial,native,PASS,152991,420573499,
valg,oss,zhoujianling-PointCloudUtilities,parallel,stock,PASS,163195,423793048,
valg,oss,zhoujianling-PointCloudUtilities,parallel,native,PASS,148206,420176004,
valg,oss,zhoujianling-PointCloudUtilities,g1,stock,PASS,159132,410403657,
valg,oss,zhoujianling-PointCloudUtilities,g1,native,PASS,152271,420471279,
valg,dacapo,avrora,g1,native,PASS,79394,117281730,
valg,dacapo,avrora,parallel,native,PASS,83885,105182484,
valg,dacapo,avrora,serial,native,PASS,90952,108648340,
valg,dacapo,batik,g1,native,PASS,103264,22743227,
valg,dacapo,batik,parallel,native,PASS,103795,22743166,
valg,dacapo,batik,serial,native,PASS,73787,22641009,
valg,dacapo,biojava,g1,native,PASS,79374,6792133121,
valg,dacapo,biojava,parallel,native,PASS,77465,6756723029,
valg,dacapo,biojava,serial,native,PASS,79535,6787968963,
valg,dacapo,eclipse,g1,native,PASS,44490,5335285,
valg,dacapo,eclipse,parallel,native,PASS,48036,5686820,
valg,dacapo,eclipse,serial,native,PASS,46054,5342257,
valg,dacapo,graphchi,g1,native,PASS,943,93557905,
valg,dacapo,graphchi,parallel,native,PASS,1017,93504445,
valg,dacapo,graphchi,serial,native,PASS,993,93463008,
valg,dacapo,h2,g1,native,PASS,1704,12329708,
valg,dacapo,h2,parallel,native,PASS,1873,12278748,
valg,dacapo,h2,serial,native,PASS,1944,12403658,
valg,dacapo,jme,g1,native,PASS,2178,2733249,
valg,dacapo,jme,parallel,native,PASS,2460,2719133,
valg,dacapo,jme,serial,native,PASS,2461,2733678,
valg,dacapo,jython,g1,native,PASS,343100,252180996,
valg,dacapo,jython,parallel,native,PASS,343665,252443006,
valg,dacapo,jython,serial,native,PASS,343517,251699995,
valg,dacapo,luindex,g1,native,PASS,64767,250141622,
valg,dacapo,luindex,parallel,native,PASS,64901,249873378,
valg,dacapo,luindex,serial,native,PASS,44212,250133187,
valg,dacapo,lusearch,g1,native,PASS,759795,1101741022,
valg,dacapo,lusearch,parallel,native,PASS,766651,1107064458,
valg,dacapo,lusearch,serial,native,PASS,756935,1112304481,
valg,dacapo,pmd,g1,native,PASS,2868363,1588876176,
valg,dacapo,pmd,parallel,native,PASS,1789378,1507690620,
valg,dacapo,pmd,serial,native,PASS,1688954,1482819514,
valg,dacapo,sunflow,g1,native,PASS,20129,167514306,
valg,dacapo,sunflow,parallel,native,PASS,25440,165170226,
valg,dacapo,sunflow,serial,native,PASS,25367,157084205,
valg,dacapo,tomcat,g1,native,PASS,270584,285777893,
valg,dacapo,tomcat,parallel,native,PASS,280194,280832174,
valg,dacapo,tomcat,serial,native,PASS,295276,282003086,
valg,dacapo,xalan,g1,native,PASS,62314,143793152,
valg,dacapo,xalan,parallel,native,PASS,62171,139821048,
valg,dacapo,xalan,serial,native,PASS,62582,140805646,
valg,dacapo,zxing,g1,native,PASS,59386,100867763,
valg,dacapo,zxing,parallel,native,PASS,59415,100761027,
valg,dacapo,zxing,serial,native,PASS,80427,99384860,
valg,dacapo,avrora,g1,stock,PASS,63302,121053793,
valg,dacapo,avrora,parallel,stock,PASS,97408,120706753,
valg,dacapo,avrora,serial,stock,PASS,88205,119144777,
valg,dacapo,batik,g1,stock,PASS,103633,22743611,
valg,dacapo,batik,parallel,stock,PASS,103225,22742073,
valg,dacapo,batik,serial,stock,PASS,103476,22742588,
valg,dacapo,biojava,g1,stock,PASS,79615,6791505900,
valg,dacapo,biojava,parallel,stock,PASS,79575,6792948057,
valg,dacapo,biojava,serial,stock,PASS,79680,6793290757,
valg,dacapo,eclipse,g1,stock,PASS,47829,5398605,
valg,dacapo,eclipse,parallel,stock,PASS,53021,5580676,
valg,dacapo,eclipse,serial,stock,PASS,46093,5330869,
valg,dacapo,graphchi,g1,stock,PASS,1031,93598680,
valg,dacapo,graphchi,parallel,stock,PASS,1008,93606313,
valg,dacapo,graphchi,serial,stock,PASS,979,93653653,
valg,dacapo,h2,g1,stock,PASS,1733,12317064,
valg,dacapo,h2,parallel,stock,PASS,1841,12322040,
valg,dacapo,h2,serial,stock,PASS,2038,12288192,
valg,dacapo,jme,g1,stock,PASS,2159,2733269,
valg,dacapo,jme,parallel,stock,PASS,2320,2733613,
valg,dacapo,jme,serial,stock,PASS,2447,2734279,
valg,dacapo,jython,g1,stock,PASS,344945,251848829,
valg,dacapo,jython,parallel,stock,PASS,342690,251827880,
valg,dacapo,jython,serial,stock,PASS,340443,251822755,
valg,dacapo,luindex,g1,stock,PASS,44263,250138891,
valg,dacapo,luindex,parallel,stock,PASS,65060,250143696,
valg,dacapo,luindex,serial,stock,PASS,44077,250139170,
valg,dacapo,lusearch,g1,stock,PASS,760201,1194974255,
valg,dacapo,lusearch,parallel,stock,PASS,759511,1099214818,
valg,dacapo,lusearch,serial,stock,PASS,754701,1124557793,
valg,dacapo,pmd,g1,stock,PASS,1992676,1653178717,
valg,dacapo,pmd,parallel,stock,PASS,2366024,1547448858,
valg,dacapo,pmd,serial,stock,PASS,1991455,1569687407,
valg,dacapo,sunflow,g1,stock,PASS,20259,174187817,
valg,dacapo,sunflow,parallel,stock,PASS,25790,162506371,
valg,dacapo,sunflow,serial,stock,PASS,20288,167360297,
valg,dacapo,tomcat,g1,stock,PASS,314011,307514879,
valg,dacapo,tomcat,parallel,stock,PASS,354031,361011427,
valg,dacapo,tomcat,serial,stock,PASS,224482,282332781,
valg,dacapo,xalan,g1,stock,PASS,61096,147064728,
valg,dacapo,xalan,parallel,stock,PASS,61966,143021218,
valg,dacapo,xalan,serial,stock,PASS,61371,148736846,
valg,dacapo,zxing,g1,stock,PASS,54742,102954289,
valg,dacapo,zxing,parallel,stock,PASS,54407,101794220,
valg,dacapo,zxing,serial,stock,PASS,54704,101517736,
valg,dacapo,kafka,serial,native,PASS,1478837,406403612,
valg,dacapo,kafka,serial,stock,PASS,688057,288205817,
valg,dacapo,kafka,parallel,native,PASS,785730,336386038,
valg,dacapo,kafka,parallel,stock,PASS,726309,327449319,
valg,dacapo,kafka,g1,native,PASS,841753,373065794,
valg,dacapo,kafka,g1,stock,PASS,821442,338751814,
lazymop,oss,albfernandez-javadbf,serial,stock,PASS,,,191
lazymop,oss,albfernandez-javadbf,serial,native,PASS,,,191
lazymop,oss,StarlangSoftware-TurkishPropBank,serial,stock,PASS,,,112
lazymop,oss,StarlangSoftware-TurkishPropBank,serial,native,PASS,,,112
lazymop,oss,cowtowncoder-java-uuid-generator,serial,stock,PASS,,,120
lazymop,oss,cowtowncoder-java-uuid-generator,serial,native,PASS,,,120
lazymop,oss,StarlangSoftware-TurkishSentiNet,serial,stock,PASS,,,31
lazymop,oss,StarlangSoftware-TurkishSentiNet,serial,native,PASS,,,31
lazymop,oss,awslabs-route53-infima,serial,stock,PASS,,,802
lazymop,oss,awslabs-route53-infima,serial,native,PASS,,,804
lazymop,oss,agarciadom-xeger,serial,stock,PASS,,,1883
lazymop,oss,agarciadom-xeger,serial,native,PASS,,,1687
lazymop,oss,almson-almson-refcount,serial,stock,PASS,,,24
lazymop,oss,almson-almson-refcount,serial,native,PASS,,,24
lazymop,oss,lexburner-consistent-hash-algorithm,serial,stock,PASS,,,27
lazymop,oss,lexburner-consistent-hash-algorithm,serial,native,PASS,,,27
lazymop,oss,solita-functional-utils,serial,stock,PASS,,,927
lazymop,oss,solita-functional-utils,serial,native,PASS,,,927
lazymop,oss,palindromicity-simple-syslog,serial,stock,PASS,,,2517
lazymop,oss,palindromicity-simple-syslog,serial,native,PASS,,,2517
lazymop,oss,zhoujianling-PointCloudUtilities,serial,stock,PASS,,,41981
lazymop,oss,zhoujianling-PointCloudUtilities,serial,native,PASS,,,34667
lazymop,oss,graphstream-gs-core,serial,stock,PASS,,,818
lazymop,oss,graphstream-gs-core,serial,native,PASS,,,818
lazymop,oss,ghaffarian-progex,serial,stock,PASS,,,38291
lazymop,oss,ghaffarian-progex,serial,native,PASS,,,36930
lazymop,oss,graphstream-gs-algo,serial,stock,FAIL,,,
lazymop,oss,graphstream-gs-algo,serial,native,FAIL,,,
lazymop,oss,MezereonXP-AnomalyDetectTool,serial,stock,PASS,,,678
lazymop,oss,MezereonXP-AnomalyDetectTool,serial,native,PASS,,,680
lazymop,oss,Antibrumm-jackson-antpathfilter,serial,stock,PASS,,,426
lazymop,oss,Antibrumm-jackson-antpathfilter,serial,native,PASS,,,423
lazymop,oss,codelion-gramtest,serial,stock,PASS,,,1199
lazymop,oss,codelion-gramtest,serial,native,PASS,,,1183
lazymop,oss,huaban-jieba-analysis,serial,stock,PASS,,,1092
lazymop,oss,huaban-jieba-analysis,serial,native,PASS,,,1092
lazymop,oss,mocnik-science-geogrid,serial,stock,PASS,,,63
lazymop,oss,mocnik-science-geogrid,serial,native,PASS,,,63
lazymop,oss,renfei-ik-analyzer,serial,stock,PASS,,,922
lazymop,oss,renfei-ik-analyzer,serial,native,PASS,,,922
lazymop,oss,confluentinc-kafka-connect-datagen,serial,stock,PASS,,,36892
lazymop,oss,confluentinc-kafka-connect-datagen,serial,native,PASS,,,11278
lazymop,oss,f4b6a3-uuid-creator,serial,stock,PASS,,,216
lazymop,oss,f4b6a3-uuid-creator,serial,native,PASS,,,216
lazymop,oss,gchq-synthetic-data-generator,serial,stock,FAIL,,,
lazymop,oss,gchq-synthetic-data-generator,serial,native,FAIL,,,
lazymop,oss,sbesada-java.math.expression.parser,serial,stock,PASS,,,135
lazymop,oss,sbesada-java.math.expression.parser,serial,native,PASS,,,135
lazymop,oss,mastodon-sc-mastodon,serial,stock,FAIL,,,
lazymop,oss,mastodon-sc-mastodon,serial,native,FAIL,,,
lazymop,oss,ElectronicChartCentre-java-vector-tile,serial,stock,FAIL,,,
lazymop,oss,ElectronicChartCentre-java-vector-tile,serial,native,FAIL,,,
lazymop,oss,conveyal-osm-lib,serial,stock,PASS,,,3524
lazymop,oss,conveyal-osm-lib,serial,native,PASS,,,3522
lazymop,oss,eightbitjim-cassette-nibbler,serial,stock,PASS,,,41423
lazymop,oss,eightbitjim-cassette-nibbler,serial,native,PASS,,,47602
lazymop,oss,simplenlg-simplenlg,serial,stock,PASS,,,2169
lazymop,oss,simplenlg-simplenlg,serial,native,PASS,,,2169
lazymop,oss,cocolian-cocolian-nlp,serial,stock,PASS,,,33987
lazymop,oss,cocolian-cocolian-nlp,serial,native,PASS,,,28726
lazymop,oss,getodk-javarosa,serial,stock,PASS,,,10127
lazymop,oss,getodk-javarosa,serial,native,PASS,,,10068
lazymop,oss,fraunhoferfokus-Fuzzino,serial,stock,PASS,,,7001
lazymop,oss,fraunhoferfokus-Fuzzino,serial,native,PASS,,,7001
lazymop,oss,Sweetiee-yi-Jaba,serial,stock,PASS,,,4969
lazymop,oss,Sweetiee-yi-Jaba,serial,native,PASS,,,4969
lazymop,oss,iquadrat-sbb-train-scheduler,serial,stock,PASS,,,6987
lazymop,oss,iquadrat-sbb-train-scheduler,serial,native,PASS,,,6994
lazymop,oss,davidmoten-bplustree,serial,stock,PASS,,,189
lazymop,oss,davidmoten-bplustree,serial,native,PASS,,,189
lazymop,oss,hlavki-jlemmagen,serial,stock,PASS,,,2066
lazymop,oss,hlavki-jlemmagen,serial,native,PASS,,,2066
lazymop,oss,davidmoten-rtree2,serial,stock,PASS,,,1815
lazymop,oss,davidmoten-rtree2,serial,native,PASS,,,1818
lazymop,oss,danieldk-dictomaton,serial,stock,PASS,,,13836
lazymop,oss,danieldk-dictomaton,serial,native,PASS,,,13836
lazymop,oss,almondtools-stringsearchalgorithms,serial,stock,PASS,,,4840
lazymop,oss,almondtools-stringsearchalgorithms,serial,native,PASS,,,4842
lazymop,oss,davidmoten-rtree-multi,serial,stock,PASS,,,38175
lazymop,oss,davidmoten-rtree-multi,serial,native,PASS,,,38072
lazymop,oss,chocoteam-choco-graph,serial,stock,FAIL,,,
lazymop,oss,chocoteam-choco-graph,serial,native,FAIL,,,
lazymop,oss,myui-btree4j,serial,stock,PASS,,,1542
lazymop,oss,myui-btree4j,serial,native,PASS,,,1532
lazymop,oss,houbb-sensitive-word,serial,stock,PASS,,,448
lazymop,oss,houbb-sensitive-word,serial,native,PASS,,,448
lazymop,oss,jahlborn-jackcess,serial,stock,PASS,,,45031
lazymop,oss,jahlborn-jackcess,serial,native,PASS,,,36384
lazymop,oss,lukfor-pgs-calc,serial,stock,PASS,,,7764
lazymop,oss,lukfor-pgs-calc,serial,native,PASS,,,7744
lazymop,oss,apache-commons-imaging,serial,stock,PASS,,,8553
lazymop,oss,apache-commons-imaging,serial,native,PASS,,,8549
lazymop,oss,davidmoten-rtree,serial,stock,PASS,,,2828
lazymop,oss,davidmoten-rtree,serial,native,PASS,,,2829
lazymop,oss,kapoorlabs-kiara,serial,stock,PASS,,,
lazymop,oss,kapoorlabs-kiara,serial,native,FAIL,,,
lazymop,oss,fusion-jena-JaroWinklerSimilarity,serial,stock,PASS,,,11715
lazymop,oss,fusion-jena-JaroWinklerSimilarity,serial,native,PASS,,,10474
lazymop,oss,palatable-lambda,serial,stock,FAIL,,,
lazymop,oss,palatable-lambda,serial,native,FAIL,,,
lazymop,oss,flipkart-incubator-databuilderframework,serial,stock,PASS,,,1461
lazymop,oss,flipkart-incubator-databuilderframework,serial,native,PASS,,,1461
lazymop,oss,indeedeng-vowpal-wabbit-java,serial,stock,PASS,,,275
lazymop,oss,indeedeng-vowpal-wabbit-java,serial,native,PASS,,,275
lazymop,oss,bkatwal-kafka-util,serial,stock,PASS,,,32458
lazymop,oss,bkatwal-kafka-util,serial,native,PASS,,,33951
lazymop,oss,xspec-xspec-maven-plugin-1,serial,stock,PASS,,,8958
lazymop,oss,xspec-xspec-maven-plugin-1,serial,native,PASS,,,8953
lazymop,oss,attoparser-attoparser,serial,stock,PASS,,,799
lazymop,oss,attoparser-attoparser,serial,native,PASS,,,799
lazymop,oss,PeterisP-morphology,serial,stock,PASS,,,28638
lazymop,oss,PeterisP-morphology,serial,native,PASS,,,28943
lazymop,oss,ysc-word,serial,stock,PASS,,,1603
lazymop,oss,ysc-word,serial,native,PASS,,,1603
lazymop,oss,addthis-stream-lib,serial,stock,FAIL,,,
lazymop,oss,addthis-stream-lib,serial,native,FAIL,,,
lazymop,oss,googleapis-java-spanner-jdbc,serial,stock,FAIL,,,
lazymop,oss,googleapis-java-spanner-jdbc,serial,native,FAIL,,,
lazymop,oss,StarlangSoftware-TurkishWordNet,serial,stock,PASS,,,1293
lazymop,oss,StarlangSoftware-TurkishWordNet,serial,native,PASS,,,1293
lazymop,oss,albfernandez-javadbf,parallel,stock,PASS,,,191
lazymop,oss,albfernandez-javadbf,parallel,native,PASS,,,191
lazymop,oss,StarlangSoftware-TurkishPropBank,parallel,stock,PASS,,,112
lazymop,oss,StarlangSoftware-TurkishPropBank,parallel,native,PASS,,,112
lazymop,oss,cowtowncoder-java-uuid-generator,parallel,stock,PASS,,,120
lazymop,oss,cowtowncoder-java-uuid-generator,parallel,native,PASS,,,120
lazymop,oss,StarlangSoftware-TurkishSentiNet,parallel,stock,PASS,,,31
lazymop,oss,StarlangSoftware-TurkishSentiNet,parallel,native,PASS,,,31
lazymop,oss,awslabs-route53-infima,parallel,stock,PASS,,,818
lazymop,oss,awslabs-route53-infima,parallel,native,PASS,,,780
lazymop,oss,agarciadom-xeger,parallel,stock,PASS,,,1687
lazymop,oss,agarciadom-xeger,parallel,native,PASS,,,1687
lazymop,oss,almson-almson-refcount,parallel,stock,PASS,,,24
lazymop,oss,almson-almson-refcount,parallel,native,PASS,,,24
lazymop,oss,lexburner-consistent-hash-algorithm,parallel,stock,PASS,,,27
lazymop,oss,lexburner-consistent-hash-algorithm,parallel,native,PASS,,,27
lazymop,oss,solita-functional-utils,parallel,stock,PASS,,,927
lazymop,oss,solita-functional-utils,parallel,native,PASS,,,927
lazymop,oss,palindromicity-simple-syslog,parallel,stock,PASS,,,2517
lazymop,oss,palindromicity-simple-syslog,parallel,native,PASS,,,2517
lazymop,oss,zhoujianling-PointCloudUtilities,parallel,stock,PASS,,,40880
lazymop,oss,zhoujianling-PointCloudUtilities,parallel,native,PASS,,,38319
lazymop,oss,graphstream-gs-core,parallel,stock,PASS,,,818
lazymop,oss,graphstream-gs-core,parallel,native,PASS,,,818
lazymop,oss,ghaffarian-progex,parallel,stock,PASS,,,38403
lazymop,oss,ghaffarian-progex,parallel,native,PASS,,,36931
lazymop,oss,graphstream-gs-algo,parallel,stock,FAIL,,,
lazymop,oss,graphstream-gs-algo,parallel,native,FAIL,,,
lazymop,oss,MezereonXP-AnomalyDetectTool,parallel,stock,PASS,,,689
lazymop,oss,MezereonXP-AnomalyDetectTool,parallel,native,PASS,,,693
lazymop,oss,Antibrumm-jackson-antpathfilter,parallel,stock,PASS,,,424
lazymop,oss,Antibrumm-jackson-antpathfilter,parallel,native,PASS,,,423
lazymop,oss,codelion-gramtest,parallel,stock,PASS,,,1189
lazymop,oss,codelion-gramtest,parallel,native,PASS,,,1216
lazymop,oss,huaban-jieba-analysis,parallel,stock,PASS,,,1092
lazymop,oss,huaban-jieba-analysis,parallel,native,PASS,,,1098
lazymop,oss,mocnik-science-geogrid,parallel,stock,PASS,,,63
lazymop,oss,mocnik-science-geogrid,parallel,native,PASS,,,63
lazymop,oss,renfei-ik-analyzer,parallel,stock,PASS,,,922
lazymop,oss,renfei-ik-analyzer,parallel,native,PASS,,,924
lazymop,oss,confluentinc-kafka-connect-datagen,parallel,stock,PASS,,,17631
lazymop,oss,confluentinc-kafka-connect-datagen,parallel,native,PASS,,,11285
lazymop,oss,f4b6a3-uuid-creator,parallel,stock,PASS,,,216
lazymop,oss,f4b6a3-uuid-creator,parallel,native,PASS,,,216
lazymop,oss,gchq-synthetic-data-generator,parallel,stock,FAIL,,,
lazymop,oss,gchq-synthetic-data-generator,parallel,native,FAIL,,,
lazymop,oss,sbesada-java.math.expression.parser,parallel,stock,PASS,,,135
lazymop,oss,sbesada-java.math.expression.parser,parallel,native,PASS,,,135
lazymop,oss,mastodon-sc-mastodon,parallel,stock,FAIL,,,
lazymop,oss,mastodon-sc-mastodon,parallel,native,FAIL,,,
lazymop,oss,ElectronicChartCentre-java-vector-tile,parallel,stock,FAIL,,,
lazymop,oss,ElectronicChartCentre-java-vector-tile,parallel,native,FAIL,,,
lazymop,oss,conveyal-osm-lib,parallel,stock,PASS,,,3525
lazymop,oss,conveyal-osm-lib,parallel,native,PASS,,,3522
lazymop,oss,eightbitjim-cassette-nibbler,parallel,stock,PASS,,,44783
lazymop,oss,eightbitjim-cassette-nibbler,parallel,native,PASS,,,47602
lazymop,oss,simplenlg-simplenlg,parallel,stock,FAIL,,,
lazymop,oss,simplenlg-simplenlg,parallel,native,FAIL,,,
lazymop,oss,cocolian-cocolian-nlp,parallel,stock,PASS,,,28818
lazymop,oss,cocolian-cocolian-nlp,parallel,native,PASS,,,28706
lazymop,oss,getodk-javarosa,parallel,stock,PASS,,,10631
lazymop,oss,getodk-javarosa,parallel,native,PASS,,,10071
lazymop,oss,fraunhoferfokus-Fuzzino,parallel,stock,PASS,,,7001
lazymop,oss,fraunhoferfokus-Fuzzino,parallel,native,PASS,,,7001
lazymop,oss,Sweetiee-yi-Jaba,parallel,stock,PASS,,,4969
lazymop,oss,Sweetiee-yi-Jaba,parallel,native,PASS,,,4969
lazymop,oss,iquadrat-sbb-train-scheduler,parallel,stock,PASS,,,6991
lazymop,oss,iquadrat-sbb-train-scheduler,parallel,native,PASS,,,6956
lazymop,oss,davidmoten-bplustree,parallel,stock,PASS,,,189
lazymop,oss,davidmoten-bplustree,parallel,native,PASS,,,189
lazymop,oss,hlavki-jlemmagen,parallel,stock,PASS,,,2066
lazymop,oss,hlavki-jlemmagen,parallel,native,PASS,,,2066
lazymop,oss,davidmoten-rtree2,parallel,stock,PASS,,,1811
lazymop,oss,davidmoten-rtree2,parallel,native,PASS,,,1815
lazymop,oss,danieldk-dictomaton,parallel,stock,PASS,,,13836
lazymop,oss,danieldk-dictomaton,parallel,native,PASS,,,13836
lazymop,oss,almondtools-stringsearchalgorithms,parallel,stock,PASS,,,4841
lazymop,oss,almondtools-stringsearchalgorithms,parallel,native,PASS,,,4840
lazymop,oss,davidmoten-rtree-multi,parallel,stock,PASS,,,37304
lazymop,oss,davidmoten-rtree-multi,parallel,native,PASS,,,38298
lazymop,oss,chocoteam-choco-graph,parallel,stock,FAIL,,,
lazymop,oss,chocoteam-choco-graph,parallel,native,FAIL,,,
lazymop,oss,myui-btree4j,parallel,stock,PASS,,,1516
lazymop,oss,myui-btree4j,parallel,native,PASS,,,1537
lazymop,oss,houbb-sensitive-word,parallel,stock,PASS,,,448
lazymop,oss,houbb-sensitive-word,parallel,native,PASS,,,448
lazymop,oss,jahlborn-jackcess,parallel,stock,PASS,,,42993
lazymop,oss,jahlborn-jackcess,parallel,native,PASS,,,36384
lazymop,oss,lukfor-pgs-calc,parallel,stock,PASS,,,7758
lazymop,oss,lukfor-pgs-calc,parallel,native,PASS,,,7738
lazymop,oss,apache-commons-imaging,parallel,stock,PASS,,,8546
lazymop,oss,apache-commons-imaging,parallel,native,PASS,,,8544
lazymop,oss,davidmoten-rtree,parallel,stock,PASS,,,2828
lazymop,oss,davidmoten-rtree,parallel,native,PASS,,,2828
lazymop,oss,kapoorlabs-kiara,parallel,stock,FAIL,,,
lazymop,oss,kapoorlabs-kiara,parallel,native,FAIL,,,
lazymop,oss,fusion-jena-JaroWinklerSimilarity,parallel,stock,PASS,,,11304
lazymop,oss,fusion-jena-JaroWinklerSimilarity,parallel,native,PASS,,,10474
lazymop,oss,palatable-lambda,parallel,stock,PASS,,,44092
lazymop,oss,palatable-lambda,parallel,native,PASS,,,44091
lazymop,oss,flipkart-incubator-databuilderframework,parallel,stock,PASS,,,1461
lazymop,oss,flipkart-incubator-databuilderframework,parallel,native,PASS,,,1461
lazymop,oss,indeedeng-vowpal-wabbit-java,parallel,stock,PASS,,,275
lazymop,oss,indeedeng-vowpal-wabbit-java,parallel,native,PASS,,,275
lazymop,oss,bkatwal-kafka-util,parallel,stock,PASS,,,33393
lazymop,oss,bkatwal-kafka-util,parallel,native,PASS,,,37361
lazymop,oss,xspec-xspec-maven-plugin-1,parallel,stock,PASS,,,8954
lazymop,oss,xspec-xspec-maven-plugin-1,parallel,native,PASS,,,8954
lazymop,oss,attoparser-attoparser,parallel,stock,PASS,,,799
lazymop,oss,attoparser-attoparser,parallel,native,PASS,,,799
lazymop,oss,PeterisP-morphology,parallel,stock,PASS,,,28943
lazymop,oss,PeterisP-morphology,parallel,native,PASS,,,28943
lazymop,oss,ysc-word,parallel,stock,PASS,,,1603
lazymop,oss,ysc-word,parallel,native,PASS,,,1603
lazymop,oss,addthis-stream-lib,parallel,stock,FAIL,,,
lazymop,oss,addthis-stream-lib,parallel,native,FAIL,,,
lazymop,oss,googleapis-java-spanner-jdbc,parallel,stock,FAIL,,,
lazymop,oss,googleapis-java-spanner-jdbc,parallel,native,FAIL,,,
lazymop,oss,StarlangSoftware-TurkishWordNet,parallel,stock,FAIL,,,
lazymop,oss,StarlangSoftware-TurkishWordNet,parallel,native,FAIL,,,
lazymop,oss,albfernandez-javadbf,g1,stock,PASS,,,191
lazymop,oss,albfernandez-javadbf,g1,native,PASS,,,191
lazymop,oss,StarlangSoftware-TurkishPropBank,g1,stock,PASS,,,112
lazymop,oss,StarlangSoftware-TurkishPropBank,g1,native,PASS,,,112
lazymop,oss,cowtowncoder-java-uuid-generator,g1,stock,PASS,,,128
lazymop,oss,cowtowncoder-java-uuid-generator,g1,native,PASS,,,128
lazymop,oss,StarlangSoftware-TurkishSentiNet,g1,stock,PASS,,,31
lazymop,oss,StarlangSoftware-TurkishSentiNet,g1,native,PASS,,,31
lazymop,oss,awslabs-route53-infima,g1,stock,PASS,,,766
lazymop,oss,awslabs-route53-infima,g1,native,PASS,,,772
lazymop,oss,agarciadom-xeger,g1,stock,PASS,,,1687
lazymop,oss,agarciadom-xeger,g1,native,PASS,,,1687
lazymop,oss,almson-almson-refcount,g1,stock,PASS,,,24
lazymop,oss,almson-almson-refcount,g1,native,PASS,,,24
lazymop,oss,lexburner-consistent-hash-algorithm,g1,stock,PASS,,,27
lazymop,oss,lexburner-consistent-hash-algorithm,g1,native,PASS,,,27
lazymop,oss,solita-functional-utils,g1,stock,PASS,,,927
lazymop,oss,solita-functional-utils,g1,native,PASS,,,927
lazymop,oss,palindromicity-simple-syslog,g1,stock,PASS,,,2517
lazymop,oss,palindromicity-simple-syslog,g1,native,PASS,,,2517
lazymop,oss,zhoujianling-PointCloudUtilities,g1,stock,PASS,,,42775
lazymop,oss,zhoujianling-PointCloudUtilities,g1,native,PASS,,,34629
lazymop,oss,graphstream-gs-core,g1,stock,PASS,,,818
lazymop,oss,graphstream-gs-core,g1,native,PASS,,,818
lazymop,oss,ghaffarian-progex,g1,stock,PASS,,,37023
lazymop,oss,ghaffarian-progex,g1,native,PASS,,,36930
lazymop,oss,graphstream-gs-algo,g1,stock,FAIL,,,
lazymop,oss,graphstream-gs-algo,g1,native,FAIL,,,
lazymop,oss,MezereonXP-AnomalyDetectTool,g1,stock,PASS,,,683
lazymop,oss,MezereonXP-AnomalyDetectTool,g1,native,PASS,,,683
lazymop,oss,Antibrumm-jackson-antpathfilter,g1,stock,PASS,,,424
lazymop,oss,Antibrumm-jackson-antpathfilter,g1,native,PASS,,,423
lazymop,oss,codelion-gramtest,g1,stock,PASS,,,1173
lazymop,oss,codelion-gramtest,g1,native,PASS,,,1146
lazymop,oss,huaban-jieba-analysis,g1,stock,PASS,,,1092
lazymop,oss,huaban-jieba-analysis,g1,native,PASS,,,1092
lazymop,oss,mocnik-science-geogrid,g1,stock,PASS,,,
lazymop,oss,mocnik-science-geogrid,g1,native,FAIL,,,
lazymop,oss,renfei-ik-analyzer,g1,stock,PASS,,,922
lazymop,oss,renfei-ik-analyzer,g1,native,PASS,,,922
lazymop,oss,confluentinc-kafka-connect-datagen,g1,stock,PASS,,,12636
lazymop,oss,confluentinc-kafka-connect-datagen,g1,native,PASS,,,11346
lazymop,oss,f4b6a3-uuid-creator,g1,stock,PASS,,,216
lazymop,oss,f4b6a3-uuid-creator,g1,native,PASS,,,216
lazymop,oss,gchq-synthetic-data-generator,g1,stock,FAIL,,,
lazymop,oss,gchq-synthetic-data-generator,g1,native,FAIL,,,
lazymop,oss,sbesada-java.math.expression.parser,g1,stock,PASS,,,135
lazymop,oss,sbesada-java.math.expression.parser,g1,native,PASS,,,135
lazymop,oss,mastodon-sc-mastodon,g1,stock,FAIL,,,
lazymop,oss,mastodon-sc-mastodon,g1,native,FAIL,,,
lazymop,oss,ElectronicChartCentre-java-vector-tile,g1,stock,FAIL,,,
lazymop,oss,ElectronicChartCentre-java-vector-tile,g1,native,FAIL,,,
lazymop,oss,conveyal-osm-lib,g1,stock,PASS,,,3525
lazymop,oss,conveyal-osm-lib,g1,native,PASS,,,3526
lazymop,oss,eightbitjim-cassette-nibbler,g1,stock,FAIL,,,
lazymop,oss,eightbitjim-cassette-nibbler,g1,native,PASS,,,
lazymop,oss,simplenlg-simplenlg,g1,stock,PASS,,,2169
lazymop,oss,simplenlg-simplenlg,g1,native,PASS,,,2169
lazymop,oss,cocolian-cocolian-nlp,g1,stock,PASS,,,30799
lazymop,oss,cocolian-cocolian-nlp,g1,native,PASS,,,28711
lazymop,oss,getodk-javarosa,g1,stock,PASS,,,10170
lazymop,oss,getodk-javarosa,g1,native,PASS,,,10071
lazymop,oss,fraunhoferfokus-Fuzzino,g1,stock,PASS,,,7001
lazymop,oss,fraunhoferfokus-Fuzzino,g1,native,PASS,,,7001
lazymop,oss,Sweetiee-yi-Jaba,g1,stock,PASS,,,4969
lazymop,oss,Sweetiee-yi-Jaba,g1,native,PASS,,,4969
lazymop,oss,iquadrat-sbb-train-scheduler,g1,stock,PASS,,,6952
lazymop,oss,iquadrat-sbb-train-scheduler,g1,native,PASS,,,6962
lazymop,oss,davidmoten-bplustree,g1,stock,PASS,,,189
lazymop,oss,davidmoten-bplustree,g1,native,PASS,,,189
lazymop,oss,hlavki-jlemmagen,g1,stock,PASS,,,2066
lazymop,oss,hlavki-jlemmagen,g1,native,PASS,,,2066
lazymop,oss,davidmoten-rtree2,g1,stock,PASS,,,1816
lazymop,oss,davidmoten-rtree2,g1,native,PASS,,,1809
lazymop,oss,danieldk-dictomaton,g1,stock,PASS,,,13836
lazymop,oss,danieldk-dictomaton,g1,native,PASS,,,13836
lazymop,oss,almondtools-stringsearchalgorithms,g1,stock,PASS,,,4848
lazymop,oss,almondtools-stringsearchalgorithms,g1,native,PASS,,,4845
lazymop,oss,davidmoten-rtree-multi,g1,stock,PASS,,,38115
lazymop,oss,davidmoten-rtree-multi,g1,native,PASS,,,38062
lazymop,oss,chocoteam-choco-graph,g1,stock,FAIL,,,
lazymop,oss,chocoteam-choco-graph,g1,native,FAIL,,,
lazymop,oss,myui-btree4j,g1,stock,PASS,,,1529
lazymop,oss,myui-btree4j,g1,native,PASS,,,1532
lazymop,oss,houbb-sensitive-word,g1,stock,PASS,,,448
lazymop,oss,houbb-sensitive-word,g1,native,PASS,,,448
lazymop,oss,jahlborn-jackcess,g1,stock,PASS,,,50391
lazymop,oss,jahlborn-jackcess,g1,native,PASS,,,36384
lazymop,oss,lukfor-pgs-calc,g1,stock,FAIL,,,
lazymop,oss,lukfor-pgs-calc,g1,native,PASS,,,
lazymop,oss,apache-commons-imaging,g1,stock,PASS,,,8546
lazymop,oss,apache-commons-imaging,g1,native,PASS,,,8543
lazymop,oss,davidmoten-rtree,g1,stock,PASS,,,2828
lazymop,oss,davidmoten-rtree,g1,native,PASS,,,2828
lazymop,oss,kapoorlabs-kiara,g1,stock,FAIL,,,
lazymop,oss,kapoorlabs-kiara,g1,native,FAIL,,,
lazymop,oss,fusion-jena-JaroWinklerSimilarity,g1,stock,PASS,,,11309
lazymop,oss,fusion-jena-JaroWinklerSimilarity,g1,native,PASS,,,10474
lazymop,oss,palatable-lambda,g1,stock,PASS,,,44006
lazymop,oss,palatable-lambda,g1,native,PASS,,,44132
lazymop,oss,flipkart-incubator-databuilderframework,g1,stock,PASS,,,1461
lazymop,oss,flipkart-incubator-databuilderframework,g1,native,PASS,,,1461
lazymop,oss,indeedeng-vowpal-wabbit-java,g1,stock,PASS,,,275
lazymop,oss,indeedeng-vowpal-wabbit-java,g1,native,PASS,,,275
lazymop,oss,bkatwal-kafka-util,g1,stock,PASS,,,32392
lazymop,oss,bkatwal-kafka-util,g1,native,PASS,,,37785
lazymop,oss,xspec-xspec-maven-plugin-1,g1,stock,PASS,,,8958
lazymop,oss,xspec-xspec-maven-plugin-1,g1,native,PASS,,,8954
lazymop,oss,attoparser-attoparser,g1,stock,PASS,,,799
lazymop,oss,attoparser-attoparser,g1,native,PASS,,,799
lazymop,oss,PeterisP-morphology,g1,stock,PASS,,,28643
lazymop,oss,PeterisP-morphology,g1,native,PASS,,,28943
lazymop,oss,ysc-word,g1,stock,PASS,,,1603
lazymop,oss,ysc-word,g1,native,PASS,,,1603
lazymop,oss,addthis-stream-lib,g1,stock,FAIL,,,
lazymop,oss,addthis-stream-lib,g1,native,FAIL,,,
lazymop,oss,googleapis-java-spanner-jdbc,g1,stock,FAIL,,,
lazymop,oss,googleapis-java-spanner-jdbc,g1,native,FAIL,,,
lazymop,oss,StarlangSoftware-TurkishWordNet,g1,stock,FAIL,,,
lazymop,oss,StarlangSoftware-TurkishWordNet,g1,native,FAIL,,,
lazymop,dacapo,avrora,g1,stock,PASS,,,3626
lazymop,dacapo,avrora,g1,native,PASS,,,3301
lazymop,dacapo,batik,g1,stock,PASS,,,370
lazymop,dacapo,batik,g1,native,PASS,,,369
lazymop,dacapo,biojava,g1,stock,PASS,,,3236
lazymop,dacapo,biojava,g1,native,PASS,,,3206
lazymop,dacapo,eclipse,g1,stock,PASS,,,6336
lazymop,dacapo,eclipse,g1,native,PASS,,,6324
lazymop,dacapo,graphchi,g1,stock,PASS,,,188
lazymop,dacapo,graphchi,g1,native,PASS,,,188
lazymop,dacapo,h2,g1,stock,PASS,,,648
lazymop,dacapo,h2,g1,native,PASS,,,648
lazymop,dacapo,jme,g1,stock,PASS,,,537
lazymop,dacapo,jme,g1,native,PASS,,,523
lazymop,dacapo,jython,g1,stock,PASS,,,5842
lazymop,dacapo,jython,g1,native,PASS,,,5878
lazymop,dacapo,avrora,parallel,stock,PASS,,,3625
lazymop,dacapo,avrora,parallel,native,PASS,,,3243
lazymop,dacapo,batik,parallel,stock,PASS,,,371
lazymop,dacapo,batik,parallel,native,PASS,,,372
lazymop,dacapo,biojava,parallel,stock,PASS,,,3240
lazymop,dacapo,biojava,parallel,native,PASS,,,3241
lazymop,dacapo,eclipse,parallel,stock,PASS,,,6153
lazymop,dacapo,eclipse,parallel,native,PASS,,,6142
lazymop,dacapo,graphchi,parallel,stock,PASS,,,191
lazymop,dacapo,graphchi,parallel,native,PASS,,,191
lazymop,dacapo,h2,parallel,stock,PASS,,,595
lazymop,dacapo,h2,parallel,native,PASS,,,539
lazymop,dacapo,jme,parallel,stock,PASS,,,559
lazymop,dacapo,jme,parallel,native,PASS,,,526
lazymop,dacapo,jython,parallel,stock,PASS,,,5838
lazymop,dacapo,jython,parallel,native,PASS,,,5843
lazymop,dacapo,avrora,serial,stock,PASS,,,3636
lazymop,dacapo,avrora,serial,native,PASS,,,3244
lazymop,dacapo,batik,serial,stock,PASS,,,373
lazymop,dacapo,batik,serial,native,PASS,,,372
lazymop,dacapo,eclipse,serial,stock,PASS,,,6161
lazymop,dacapo,eclipse,serial,native,PASS,,,6143
lazymop,dacapo,graphchi,serial,stock,PASS,,,191
lazymop,dacapo,graphchi,serial,native,PASS,,,191
lazymop,dacapo,h2,serial,stock,PASS,,,371
lazymop,dacapo,h2,serial,native,PASS,,,371
lazymop,dacapo,jme,serial,stock,PASS,,,544
lazymop,dacapo,jme,serial,native,PASS,,,526
lazymop,dacapo,jython,serial,stock,PASS,,,5839
lazymop,dacapo,jython,serial,native,PASS,,,5856
lazymop,dacapo,sunflow,serial,stock,PASS,,,140
lazymop,dacapo,sunflow,serial,native,PASS,,,140
lazymop,dacapo,sunflow,g1,stock,PASS,,,140
lazymop,dacapo,sunflow,g1,native,PASS,,,140
javamop,oss,Antibrumm-jackson-antpathfilter,all,stock,PASS,10870340,86537260,
javamop,oss,Antibrumm-jackson-antpathfilter,all,native,PASS,10560212,84306258,
javamop,oss,ElectronicChartCentre-java-vector-tile,all,stock,PASS,15206427,627074092,
javamop,oss,ElectronicChartCentre-java-vector-tile,all,native,PASS,15206427,627074092,
javamop,oss,Fundynamic-dune2themaker4j,all,stock,PASS,45571577,563676351,
javamop,oss,Fundynamic-dune2themaker4j,all,native,PASS,0,0,
javamop,oss,MezereonXP-AnomalyDetectTool,all,stock,PASS,1323136,380257929,
javamop,oss,MezereonXP-AnomalyDetectTool,all,native,PASS,1323148,380414443,
javamop,oss,PeterisP-morphology,all,stock,PASS,67671110,4014516401,
javamop,oss,PeterisP-morphology,all,native,PASS,67671110,4014516401,
javamop,oss,StarlangSoftware-TurkishPropBank,all,stock,PASS,42923667,217219044,
javamop,oss,StarlangSoftware-TurkishPropBank,all,native,PASS,42923667,217219044,
javamop,oss,StarlangSoftware-TurkishSentiNet,all,stock,PASS,63329747,322357939,
javamop,oss,StarlangSoftware-TurkishSentiNet,all,native,PASS,63329747,322357939,
javamop,oss,StarlangSoftware-TurkishWordNet,all,stock,PASS,1426720299,7179104229,
javamop,oss,StarlangSoftware-TurkishWordNet,all,native,PASS,1426720299,7179104229,
javamop,oss,Sweetiee-yi-Jaba,all,stock,PASS,22132215,135569605,
javamop,oss,Sweetiee-yi-Jaba,all,native,PASS,22132215,135569605,
javamop,oss,addthis-stream-lib,all,stock,PASS,83523926,3423400134,
javamop,oss,addthis-stream-lib,all,native,PASS,83494950,3423256035,
javamop,oss,agarciadom-xeger,all,stock,PASS,15784988,105304626,
javamop,oss,agarciadom-xeger,all,native,PASS,15784979,105304572,
javamop,oss,albfernandez-javadbf,all,stock,PASS,5484,1006751,
javamop,oss,albfernandez-javadbf,all,native,PASS,5484,1006751,
javamop,oss,almondtools-stringsearchalgorithms,all,stock,PASS,71164657,953525855,
javamop,oss,almondtools-stringsearchalgorithms,all,native,PASS,71164657,953525855,
javamop,oss,almson-almson-refcount,all,stock,PASS,5000306,25000452,
javamop,oss,almson-almson-refcount,all,native,PASS,5000306,25000452,
javamop,oss,apache-commons-imaging,all,stock,PASS,52101275,1174838053,
javamop,oss,apache-commons-imaging,all,native,PASS,52101275,1174837916,
javamop,oss,attoparser-attoparser,all,stock,PASS,219114822,4455159374,
javamop,oss,attoparser-attoparser,all,native,PASS,219114822,4455159374,
javamop,oss,awslabs-route53-infima,all,stock,PASS,7105149,60054459,
javamop,oss,awslabs-route53-infima,all,native,PASS,7105975,60071011,
javamop,oss,bkatwal-kafka-util,all,stock,PASS,305459,2874165,
javamop,oss,bkatwal-kafka-util,all,native,PASS,306847,2841178,
javamop,oss,chocoteam-choco-graph,all,stock,PASS,15169610,1487129928,
javamop,oss,chocoteam-choco-graph,all,native,PASS,15169598,1487099597,
javamop,oss,cocolian-cocolian-nlp,all,stock,PASS,23675433,332441622,
javamop,oss,cocolian-cocolian-nlp,all,native,PASS,23674708,332434787,
javamop,oss,codelion-gramtest,all,stock,PASS,25586641,543693349,
javamop,oss,codelion-gramtest,all,native,PASS,25588597,543787004,
javamop,oss,confluentinc-kafka-connect-datagen,all,stock,PASS,7592180,131060830,
javamop,oss,confluentinc-kafka-connect-datagen,all,native,PASS,7576836,130840374,
javamop,oss,conveyal-osm-lib,all,stock,PASS,16875862,260407062,
javamop,oss,conveyal-osm-lib,all,native,PASS,16876437,260413926,
javamop,oss,cowtowncoder-java-uuid-generator,all,stock,PASS,20836664,126757308,
javamop,oss,cowtowncoder-java-uuid-generator,all,native,PASS,20836664,126757308,
javamop,oss,danieldk-dictomaton,all,stock,PASS,42767622,538541147,
javamop,oss,danieldk-dictomaton,all,native,PASS,42767622,538541147,
javamop,oss,davidmoten-bplustree,all,stock,PASS,63527039,327336218,
javamop,oss,davidmoten-bplustree,all,native,PASS,63527244,327362359,
javamop,oss,davidmoten-rtree,all,stock,PASS,88257888,1827084293,
javamop,oss,davidmoten-rtree,all,native,PASS,88087975,1825183067,
javamop,oss,davidmoten-rtree-multi,all,stock,PASS,27015202,477061290,
javamop,oss,davidmoten-rtree-multi,all,native,PASS,27105895,476617258,
javamop,oss,davidmoten-rtree2,all,stock,PASS,24376655,364709227,
javamop,oss,davidmoten-rtree2,all,native,PASS,24326472,364254469,
javamop,oss,eightbitjim-cassette-nibbler,all,stock,PASS,189045776,530801834,
javamop,oss,eightbitjim-cassette-nibbler,all,native,PASS,189045776,530801834,
javamop,oss,f4b6a3-uuid-creator,all,stock,PASS,548654,6363334,
javamop,oss,f4b6a3-uuid-creator,all,native,PASS,548654,6363334,
javamop,oss,fabric8io-docker-maven-plugin,all,stock,PASS,18054148,174496512,
javamop,oss,fabric8io-docker-maven-plugin,all,native,PASS,18044392,174434617,
javamop,oss,flipkart-incubator-databuilderframework,all,stock,PASS,52174393,339127328,
javamop,oss,flipkart-incubator-databuilderframework,all,native,PASS,52173821,339116562,
javamop,oss,fraunhoferfokus-Fuzzino,all,stock,PASS,503610,4626698801,
javamop,oss,fraunhoferfokus-Fuzzino,all,native,PASS,503610,4626698801,
javamop,oss,fusion-jena-JaroWinklerSimilarity,all,stock,PASS,137424815,2516398068,
javamop,oss,fusion-jena-JaroWinklerSimilarity,all,native,PASS,137424815,2516398068,
javamop,oss,gchq-synthetic-data-generator,all,stock,PASS,8691517,121251630,
javamop,oss,gchq-synthetic-data-generator,all,native,PASS,8691549,121251956,
javamop,oss,getodk-javarosa,all,stock,PASS,7171852,233751183,
javamop,oss,getodk-javarosa,all,native,PASS,7171851,233778872,
javamop,oss,ghaffarian-progex,all,stock,PASS,20492965,186206637,
javamop,oss,ghaffarian-progex,all,native,PASS,20492965,186206637,
javamop,oss,googleapis-java-spanner-jdbc,all,stock,PASS,5359932,72338300,
javamop,oss,googleapis-java-spanner-jdbc,all,native,PASS,5335095,72035600,
javamop,oss,graphstream-gs-algo,all,stock,PASS,4941107,51281430,
javamop,oss,graphstream-gs-algo,all,native,PASS,4936083,51213100,
javamop,oss,graphstream-gs-core,all,stock,PASS,6502126,84035178,
javamop,oss,graphstream-gs-core,all,native,PASS,6501788,84038526,
javamop,oss,hlavki-jlemmagen,all,stock,PASS,1260642,15757880,
javamop,oss,hlavki-jlemmagen,all,native,PASS,1260642,15757880,
javamop,oss,houbb-sensitive-word,all,stock,PASS,25488809,384756603,
javamop,oss,houbb-sensitive-word,all,native,PASS,25488809,384756603,
javamop,oss,huaban-jieba-analysis,all,stock,PASS,18908551,246930565,
javamop,oss,huaban-jieba-analysis,all,native,PASS,18908551,246930565,
javamop,oss,indeedeng-vowpal-wabbit-java,all,stock,PASS,287481235,2412136891,
javamop,oss,indeedeng-vowpal-wabbit-java,all,native,PASS,0,0,
javamop,oss,iquadrat-sbb-train-scheduler,all,stock,PASS,39795482,317258067,
javamop,oss,iquadrat-sbb-train-scheduler,all,native,PASS,39795429,317257798,
javamop,oss,jahlborn-jackcess,all,stock,PASS,0,0,
javamop,oss,jahlborn-jackcess,all,native,PASS,0,0,
javamop,oss,kapoorlabs-kiara,all,stock,PASS,8904175,3574824879,
javamop,oss,kapoorlabs-kiara,all,native,PASS,8904175,3574824879,
javamop,oss,lexburner-consistent-hash-algorithm,all,stock,PASS,56100292,515582023,
javamop,oss,lexburner-consistent-hash-algorithm,all,native,PASS,56100292,515582023,
javamop,oss,lukfor-pgs-calc,all,stock,PASS,55119591,2711686782,
javamop,oss,lukfor-pgs-calc,all,native,PASS,55119591,2711687246,
javamop,oss,mastodon-sc-mastodon,all,stock,PASS,25194900,176323844,
javamop,oss,mastodon-sc-mastodon,all,native,PASS,25194873,176323674,
javamop,oss,mocnik-science-geogrid,all,stock,PASS,4000652,184545704,
javamop,oss,mocnik-science-geogrid,all,native,PASS,4000652,184571385,
javamop,oss,myui-btree4j,all,stock,PASS,40361442,496684923,
javamop,oss,myui-btree4j,all,native,PASS,40361483,496656842,
javamop,oss,palatable-lambda,all,stock,PASS,5268334,1777006033,
javamop,oss,palatable-lambda,all,native,PASS,5269124,1777012956,
javamop,oss,palindromicity-simple-syslog,all,stock,PASS,11189322,63254581,
javamop,oss,palindromicity-simple-syslog,all,native,PASS,11189322,63254581,
javamop,oss,renfei-ik-analyzer,all,stock,PASS,28817135,277032156,
javamop,oss,renfei-ik-analyzer,all,native,PASS,28817135,277032156,
javamop,oss,sbesada-java.math.expression.parser,all,stock,PASS,328001948,1640009162,
javamop,oss,sbesada-java.math.expression.parser,all,native,PASS,328001948,1640009162,
javamop,oss,simplenlg-simplenlg,all,stock,PASS,17950642,152789518,
javamop,oss,simplenlg-simplenlg,all,native,PASS,17950642,152789518,
javamop,oss,solita-functional-utils,all,stock,PASS,9971,35147818,
javamop,oss,solita-functional-utils,all,native,PASS,9971,35147817,
javamop,oss,xspec-xspec-maven-plugin-1,all,stock,PASS,28783809,348633016,
javamop,oss,xspec-xspec-maven-plugin-1,all,native,PASS,28783389,348626474,
javamop,oss,ysc-word,all,stock,PASS,4457979,7349716096,
javamop,oss,ysc-word,all,native,PASS,4457979,7349716258,
javamop,oss,zhoujianling-PointCloudUtilities,all,stock,PASS,6673328,495992681,
javamop,oss,zhoujianling-PointCloudUtilities,all,native,PASS,6738303,497112408,
javamop,dacapo,avrora,g1,native,PASS,9985398,140913016,
javamop,dacapo,avrora,parallel,native,PASS,9985724,139428958,
javamop,dacapo,avrora,serial,native,PASS,9985462,140372660,
javamop,dacapo,batik,g1,native,PASS,920794,23658097,
javamop,dacapo,batik,parallel,native,PASS,920794,23658097,
javamop,dacapo,batik,serial,native,PASS,920794,23658097,
javamop,dacapo,biojava,g1,native,PASS,528925,9157185469,
javamop,dacapo,biojava,parallel,native,PASS,528922,9157185469,
javamop,dacapo,biojava,serial,native,PASS,528925,9157185469,
javamop,dacapo,eclipse,g1,native,PASS,208134,6585951,
javamop,dacapo,eclipse,parallel,native,PASS,215064,6943353,
javamop,dacapo,eclipse,serial,native,PASS,208072,6591303,
javamop,dacapo,graphchi,g1,native,PASS,1143,93567512,
javamop,dacapo,graphchi,parallel,native,PASS,1149,93510432,
javamop,dacapo,graphchi,serial,native,PASS,1133,93506597,
javamop,dacapo,h2,g1,native,PASS,164194,12333117,
javamop,dacapo,h2,parallel,native,PASS,163902,12312870,
javamop,dacapo,h2,serial,native,PASS,163795,12376527,
javamop,dacapo,jme,g1,native,PASS,8668,2752880,
javamop,dacapo,jme,parallel,native,PASS,8675,2753388,
javamop,dacapo,jme,serial,native,PASS,8675,2753388,
javamop,dacapo,jython,g1,native,PASS,6101643,288282897,
javamop,dacapo,jython,parallel,native,PASS,6101565,288281426,
javamop,dacapo,jython,serial,native,PASS,6101337,288278227,
javamop,dacapo,luindex,g1,native,PASS,1470884,251694615,
javamop,dacapo,luindex,parallel,native,PASS,1470698,251693243,
javamop,dacapo,luindex,serial,native,PASS,1470332,251690501,
javamop,dacapo,lusearch,g1,native,PASS,33958232,1140133839,
javamop,dacapo,lusearch,parallel,native,PASS,33957880,1135587942,
javamop,dacapo,lusearch,serial,native,PASS,33958376,1146728054,
javamop,dacapo,pmd,g1,native,PASS,92771605,1857786773,
javamop,dacapo,pmd,parallel,native,PASS,92771466,1797191811,
javamop,dacapo,pmd,serial,native,PASS,92772366,1774468531,
javamop,dacapo,sunflow,g1,native,PASS,1573473,215333678,
javamop,dacapo,sunflow,parallel,native,PASS,1573473,220359181,
javamop,dacapo,sunflow,serial,native,PASS,1573473,211584719,
javamop,dacapo,tomcat,g1,native,PASS,7078873,315633431,
javamop,dacapo,tomcat,parallel,native,PASS,7085841,318833272,
javamop,dacapo,tomcat,serial,native,PASS,7082447,320841854,
javamop,dacapo,xalan,g1,native,PASS,512441,148310619,
javamop,dacapo,xalan,parallel,native,PASS,512441,147992610,
javamop,dacapo,xalan,serial,native,PASS,512441,144475647,
javamop,dacapo,zxing,g1,native,PASS,2354672,112807962,
javamop,dacapo,zxing,parallel,native,PASS,2354672,111997119,
javamop,dacapo,zxing,serial,native,PASS,2354672,111215874,
javamop,dacapo,avrora,g1,stock,PASS,9971639,142907232,
javamop,dacapo,avrora,parallel,stock,PASS,9965258,140957530,
javamop,dacapo,avrora,serial,stock,PASS,9964518,140447436,
javamop,dacapo,batik,g1,stock,PASS,920794,23658097,
javamop,dacapo,batik,parallel,stock,PASS,920794,23658097,
javamop,dacapo,batik,serial,stock,PASS,920794,23658097,
javamop,dacapo,biojava,g1,stock,PASS,528840,9157181593,
javamop,dacapo,biojava,parallel,stock,PASS,528839,9157181592,
javamop,dacapo,biojava,serial,stock,PASS,528850,9157181593,
javamop,dacapo,eclipse,g1,stock,PASS,213862,6935284,
javamop,dacapo,eclipse,parallel,stock,PASS,208162,6597691,
javamop,dacapo,eclipse,serial,stock,PASS,216458,7025700,
javamop,dacapo,graphchi,g1,stock,PASS,1149,93622940,
javamop,dacapo,graphchi,parallel,stock,PASS,1133,93433989,
javamop,dacapo,graphchi,serial,stock,PASS,1155,93449276,
javamop,dacapo,h2,g1,stock,PASS,163959,12386048,
javamop,dacapo,h2,parallel,stock,PASS,163328,12358568,
javamop,dacapo,h2,serial,stock,PASS,163874,12331442,
javamop,dacapo,jme,g1,stock,PASS,8668,2752880,
javamop,dacapo,jme,parallel,stock,PASS,8675,2753388,
javamop,dacapo,jme,serial,stock,PASS,8675,2753388,
javamop,dacapo,jython,g1,stock,PASS,6101497,288304678,
javamop,dacapo,jython,parallel,stock,PASS,6101735,288308297,
javamop,dacapo,jython,serial,stock,PASS,6101617,288306759,
javamop,dacapo,luindex,g1,stock,PASS,1472480,251706799,
javamop,dacapo,luindex,parallel,stock,PASS,1472232,251704897,
javamop,dacapo,luindex,serial,stock,PASS,1471592,251699864,
javamop,dacapo,lusearch,g1,stock,PASS,33863843,1181492694,
javamop,dacapo,lusearch,parallel,stock,PASS,33891200,1162012626,
javamop,dacapo,lusearch,serial,stock,PASS,33832162,1145039729,
javamop,dacapo,pmd,g1,stock,PASS,92719635,1901771511,
javamop,dacapo,pmd,parallel,stock,PASS,92613223,1792551425,
javamop,dacapo,pmd,serial,stock,PASS,92599720,1806053140,
javamop,dacapo,sunflow,g1,stock,PASS,1573367,215905329,
javamop,dacapo,sunflow,parallel,stock,PASS,1573383,213887643,
javamop,dacapo,sunflow,serial,stock,PASS,1573315,213799814,
javamop,dacapo,tomcat,g1,stock,PASS,7069543,352794126,
javamop,dacapo,tomcat,parallel,stock,PASS,7059081,356092504,
javamop,dacapo,tomcat,serial,stock,PASS,7073926,379066205,
javamop,dacapo,xalan,g1,stock,PASS,512225,146808915,
javamop,dacapo,xalan,parallel,stock,PASS,512150,144761071,
javamop,dacapo,xalan,serial,stock,PASS,512152,144612069,
javamop,dacapo,zxing,g1,stock,PASS,2353387,115309033,
javamop,dacapo,zxing,parallel,stock,PASS,2352698,114207867,
javamop,dacapo,zxing,serial,stock,PASS,2352789,116419990,
javamop,dacapo,kafka,serial,native,PASS,26695777,492833573,
javamop,dacapo,kafka,serial,stock,PASS,18955801,374234969,
javamop,dacapo,kafka,parallel,native,PASS,24525940,455948834,
javamop,dacapo,kafka,parallel,stock,PASS,20281300,417701716,
javamop,dacapo,kafka,g1,native,PASS,2291985,34455882,
javamop,dacapo,kafka,g1,stock,PASS,19386455,398762348,
